Title,Year,URL
The Mentalist,,https://www.google.com/search?q=The+Mentalist&stick=H4sIAAAAAAAAAONgVuLSz9U3MEkuzi0sAAB22x_MDgAAAA
Fallout,,https://www.google.com/search?q=Fallout&stick=H4sIAAAAAAAAAONgVuLVT9c3NCwxNUwvMzTOAQAq-rIfEQAAAA
Marrowbone,,https://www.google.com/search?q=Marrowbone&stick=H4sIAAAAAAAAAONgVuLVT9c3NEwzMC7IKCzKAgBff0EsEQAAAA
Jeepers Creepers,,https://www.google.com/search?q=Jeepers+Creepers&stick=H4sIAAAAAAAAAONgVuLUz9U3MM3LizcDAO1pzSkNAAAA
The Constant Gardener,,https://www.google.com/search?q=The+Constant+Gardener&stick=H4sIAAAAAAAAAONgVuLUz9U3sCwwSC4BALn--NENAAAA
Lawless,,https://www.google.com/search?q=Lawless&stick=H4sIAAAAAAAAAONgVuLSz9U3SE_LsDBJAQCnfV70DgAAAA
World War II with Tom Hanks,,https://www.google.com/search?q=World+War+II+with+Tom+Hanks&stick=H4sIAAAAAAAAAONgVuLVT9c3NKwsS66ozM4wAgDsana-EQAAAA
Widow's Bay,,https://www.google.com/search?q=Widow%27s+Bay&stick=H4sIAAAAAAAAAONgVuLVT9c3NKw0NKpMS8suBwC_4VHoEQAAAA
The Secret Life of Walter Mitty,,https://www.google.com/search?q=The+Secret+Life+of+Walter+Mitty&stick=H4sIAAAAAAAAAONgVuLSz9U3yDNJNzQ0AgCZm085DgAAAA
From Beijing with Love,,https://www.google.com/search?q=From+Beijing+with+Love&stick=H4sIAAAAAAAAAONgVuLUz9U3MC8yLMsDAAr91A8NAAAA
Mindhunters,,https://www.google.com/search?q=Mindhunters&stick=H4sIAAAAAAAAAONgVuLUz9U3MDHJrjAGAJoreRwNAAAA
Devil,,https://www.google.com/search?q=Devil&stick=H4sIAAAAAAAAAONgVuLSz9U3SM4wKEzJAwCYpGP7DgAAAA
Force Majeure,,https://www.google.com/search?q=Force+Majeure&stick=H4sIAAAAAAAAAONgVuLWz9U3MDTISbG0LAIAM0quVg8AAAA
Freaky Friday,,https://www.google.com/search?q=Freaky+Friday&stick=H4sIAAAAAAAAAONgVuLUz9U3MKs0M0gGAADRaDgNAAAA
Jerry & Marge Go Large,,https://www.google.com/search?q=Jerry+%26+Marge+Go+Large&stick=H4sIAAAAAAAAAONgVuLVT9c3NCwqLjQpNK00AgCAR3aSEQAAAA
RocknRolla,,https://www.google.com/search?q=RocknRolla&stick=H4sIAAAAAAAAAONgVuLSz9U3MCorKy9MBwDKc_oXDgAAAA
D-Day,,https://www.google.com/search?q=D-Day&stick=H4sIAAAAAAAAAONgVuLSz9U3KDC3qDCxAABCNrQ2DgAAAA
WarGames,,https://www.google.com/search?q=WarGames&stick=H4sIAAAAAAAAAONgVuLQz9U3sDA3MgAAWbK1VgwAAAA
12 Monkeys,,https://www.google.com/search?q=12+Monkeys&stick=H4sIAAAAAAAAAONgVuLWz9U3MDQyrkxJswQAAFgfuw8AAAA
Rise of the Guardians,,https://www.google.com/search?q=Rise+of+the+Guardians&stick=H4sIAAAAAAAAAONgVuLSz9U3MCtPyrUoBAAfv66qDgAAAA
Heresy,,https://www.google.com/search?q=Heresy&stick=H4sIAAAAAAAAAONgVuLVT9c3NMwuzKgwSi4yBQALc8dDEQAAAA
War Horse,,https://www.google.com/search?q=War+Horse&stick=H4sIAAAAAAAAAONgVuLSz9U3SE42LcwuAQAOgJfBDgAAAA
The Studio,,https://www.google.com/search?q=The+Studio&stick=H4sIAAAAAAAAAONgVuLVT9c3NCxOqjAsyrUwAgB-oOLpEQAAAA
A HISTORY OF VIOLENCE,,https://www.google.com/search?q=A+HISTORY+OF+VIOLENCE&stick=H4sIAAAAAAAAAONgVuLUz9U3MC1KKy4BAGCb8pwNAAAA
Mirai,,https://www.google.com/search?q=Mirai&stick=H4sIAAAAAAAAAONgVuLVT9c3NMxIMqoosEzOAwCWST3JEQAAAA
Elephant,,https://www.google.com/search?q=Elephant&stick=H4sIAAAAAAAAAONgVuLUz9U3MMwyLEoCAPX-43gNAAAA
Farzi,,https://www.google.com/search?q=Farzi&stick=H4sIAAAAAAAAAONgVuLWz9U3MDSsMK7KqQIAdY2D5Q8AAAA
Hot Shots!,,https://www.google.com/search?q=Hot+Shots!&stick=H4sIAAAAAAAAAONgVuLUz9U3MDFMT68AAEq06Q4NAAAA
Jumper,,https://www.google.com/search?q=Jumper&stick=H4sIAAAAAAAAAONgVuLUz9U3sEwqN4kHADvIewcNAAAA
The Magic of Ordinary Days,,https://www.google.com/search?q=The+Magic+of+Ordinary+Days&stick=H4sIAAAAAAAAAONgVuLSz9U3MKuMr7Q0AQDwrl0TDgAAAA
She's the Man,,https://www.google.com/search?q=She%27s+the+Man&stick=H4sIAAAAAAAAAONgVuLUz9U3sDC0SE8HADM98SENAAAA
Strange Magic,,https://www.google.com/search?q=Strange+Magic&stick=H4sIAAAAAAAAAONgVuLWz9U3MDSyNDcyzwYAYGGQxA8AAAA
Hamnet,,https://www.google.com/search?q=Hamnet&stick=H4sIAAAAAAAAAONgVuLVT9c3NMwuNMrLLi9IAwDwEwxsEQAAAA
The Terminal List: Dark Wolf,,https://www.google.com/search?q=The+Terminal+List:+Dark+Wolf&stick=H4sIAAAAAAAAAONgVuLVT9c3NKxMyS4wiy80BgAOsgaeEQAAAA
The Night Manager,,https://www.google.com/search?q=The+Night+Manager&stick=H4sIAAAAAAAAAONgVuLWz9U3MDQ2zMoqMwQA3ZeoBg8AAAA
Movie 43,,https://www.google.com/search?q=Movie+43&stick=H4sIAAAAAAAAAONgVuLSz9U3SMnJji_MAwC9N4wKDgAAAA
The Man with the Iron Heart,,https://www.google.com/search?q=The+Man+with+the+Iron+Heart&stick=H4sIAAAAAAAAAONgVuLVT9c3NEzOKc8uKjBJAgBsobOVEQAAAA
Calm With Horses,,https://www.google.com/search?q=Calm+With+Horses&stick=H4sIAAAAAAAAAONgVuLVT9c3NMxIqTCqKDfJAwD4VidcEQAAAA
Unknown,,https://www.google.com/search?q=Unknown&stick=H4sIAAAAAAAAAONgVuLUz9U3sEzKMy8BAEf6HZMNAAAA
The Dig,,https://www.google.com/search?q=The+Dig&stick=H4sIAAAAAAAAAONgVuLVT9c3NEzLK6syNCrOBQCYuSgJEQAAAA
Perfect Blue,,https://www.google.com/search?q=Perfect+Blue&stick=H4sIAAAAAAAAAONgVuLUz9U3MCzKKSoBADeJ_n0NAAAA
Starship Troopers,,https://www.google.com/search?q=Starship+Troopers&stick=H4sIAAAAAAAAAONgVuLUz9U3MEyuTC4EAMkPBawNAAAA
All Her Fault,,https://www.google.com/search?q=All+Her+Fault&stick=H4sIAAAAAAAAAONgVuLVT9c3NMwpsEhLS8rLBgDegyITEQAAAA
The Manipulated,,https://www.google.com/search?q=The+Manipulated&stick=H4sIAAAAAAAAAONgVuLVT9c3NCzPy403yC0sAwCHfwa-EQAAAA
Pride & Prejudice,,https://www.google.com/search?q=Pride+%26+Prejudice&stick=H4sIAAAAAAAAAONgVuLUz9U3MDeqyjEEAKhx9qMNAAAA
The Nightingale,,https://www.google.com/search?q=The+Nightingale&stick=H4sIAAAAAAAAAONgVuLVT9c3NEyqKjZJMbVMAwA27yXNEQAAAA
No Other Choice,,https://www.google.com/search?q=No+Other+Choice&stick=H4sIAAAAAAAAAONgVuLVT9c3NCw3ysgqyzDOAgDD7oUNEQAAAA
Pat & Mat,,https://www.google.com/search?q=Pat+%26+Mat&stick=H4sIAAAAAAAAAONgVuLUz9U3MC03z4kHAAvYtKcNAAAA
The Killing,,https://www.google.com/search?q=The+Killing&stick=H4sIAAAAAAAAAONgVuLSz9U3SK6yNDYtAgAERvRYDgAAAA
Under the Silver Lake,,https://www.google.com/search?q=Under+the+Silver+Lake&stick=H4sIAAAAAAAAAONgVuLVT9c3NEw2MrAsrEg2BwBHBYpEEQAAAA
Hotel Rwanda,,https://www.google.com/search?q=Hotel+Rwanda&stick=H4sIAAAAAAAAAONgVuLUz9U3MDEzsbAAABEcO7YNAAAA
Project Almanac,,https://www.google.com/search?q=Project+Almanac&stick=H4sIAAAAAAAAAONgVuLSz9U3KDcvSDIqAwCfm56jDgAAAA
Hell On Wheels,,https://www.google.com/search?q=Hell+On+Wheels&stick=H4sIAAAAAAAAAONgVuLSz9U3SElJz8i1BADbqXZCDgAAAA
Harley and the Davidsons,,https://www.google.com/search?q=Harley+and+the+Davidsons&stick=H4sIAAAAAAAAAONgVuLVT9c3NEwuNrBMKTbNBQD-cTuqEQAAAA
Strange Darling,,https://www.google.com/search?q=Strange+Darling&stick=H4sIAAAAAAAAAONgVuLVT9c3NCzJKjDJKbYoAgBbBdkkEQAAAA
Buddy Daddies,,https://www.google.com/search?q=Buddy+Daddies&stick=H4sIAAAAAAAAAONgVuLVT9c3NMyqrDIqrzA3BwB44GY_EQAAAA
Radius,,https://www.google.com/search?q=Radius&stick=H4sIAAAAAAAAAONgVuLVT9c3NEwzys4qqUoyAACyxrWmEQAAAA
The Ugly Stepsister,,https://www.google.com/search?q=The+Ugly+Stepsister&stick=H4sIAAAAAAAAAONgVuLVT9c3NCyvqIg3LDQqBgBjkK3vEQAAAA
The King of Pigs,,https://www.google.com/search?q=The+King+of+Pigs&stick=H4sIAAAAAAAAAONgVuLVT9c3NCwwN07KLirKBQCLOYXHEQAAAA
On Your Mark,,https://www.google.com/search?q=On+Your+Mark&stick=H4sIAAAAAAAAAONgVuLUz9U3MKrINbYAAEsKKcINAAAA
Blue Lights,,https://www.google.com/search?q=Blue+Lights&stick=H4sIAAAAAAAAAONgVuLVT9c3NCwuqrQoNMioAgCfCx38EQAAAA
Blood Brothers: Bara Naga,,https://www.google.com/search?q=Blood+Brothers:+Bara+Naga&stick=H4sIAAAAAAAAAONgVuLVT9c3NMypKi4wKywyAgCb4sAcEQAAAA
Super 30,,https://www.google.com/search?q=Super+30&stick=H4sIAAAAAAAAAONgVuLVT9c3NMxIKjMsNytOAgAqGujdEQAAAA
Three Days and a Life,,https://www.google.com/search?q=Three+Days+and+a+Life&stick=H4sIAAAAAAAAAONgVuLVT9c3NMyoyiqJz4svBADzD3jXEQAAAA
The Lake House,,https://www.google.com/search?q=The+Lake+House&stick=H4sIAAAAAAAAAONgVuLUz9U3SErKzc4AANP0l9wNAAAA
St. Vincent,,https://www.google.com/search?q=St.+Vincent&stick=H4sIAAAAAAAAAONgVuLSz9U3KE_KKTEyAwBRrdUnDgAAAA
Changing Lanes,,https://www.google.com/search?q=Changing+Lanes&stick=H4sIAAAAAAAAAONgVuLUz9U3MCk3T8sGAITtj0ENAAAA
A Shop for Killers,,https://www.google.com/search?q=A+Shop+for+Killers&stick=H4sIAAAAAAAAAONgVuLVT9c3NMzONi3JMi3MAABmTfatEQAAAA
Harsh Times,,https://www.google.com/search?q=Harsh+Times&stick=H4sIAAAAAAAAAONgVuLUz9U3SDfMyUkCAAHOmWMNAAAA
Bad Cat,,https://www.google.com/search?q=Bad+Cat&stick=H4sIAAAAAAAAAONgVuLSz9U3yCoxyTJNBwCkgBE8DgAAAA
MobLand,,https://www.google.com/search?q=MobLand&stick=H4sIAAAAAAAAAONgVuLVT9c3NMwpNy0oT0qpBACUZUhkEQAAAA
House of David,,https://www.google.com/search?q=House+of+David&stick=H4sIAAAAAAAAAONgVuLVT9c3NMwpySszyEvPBQDDbIeCEQAAAA
Jin-Roh: The Wolf Brigade,,https://www.google.com/search?q=Jin-Roh:+The+Wolf+Brigade&stick=H4sIAAAAAAAAAONgVuLUz9U3MEkvNzYAALYWeVoNAAAA
Memories,,https://www.google.com/search?q=Memories&stick=H4sIAAAAAAAAAONgVuLUz9U3MEovLs8DADi99soNAAAA
The Dark Valley,,https://www.google.com/search?q=The+Dark+Valley&stick=H4sIAAAAAAAAAONgVuLWz9U3MDQwyskqSQMAqmbOJQ8AAAA
Red Rooms,,https://www.google.com/search?q=Red+Rooms&stick=H4sIAAAAAAAAAONgVuLVT9c3NCzJKjAzSjMtAgB8MYjaEQAAAA
Cell 211,,https://www.google.com/search?q=Cell+211&stick=H4sIAAAAAAAAAONgVuLSz9U3SDI3Sc4rBwAkjziEDgAAAA
Por Thozhil,,https://www.google.com/search?q=Por+Thozhil&stick=H4sIAAAAAAAAAONgVuLVT9c3NCypNEtPSS8xBwA3SbxQEQAAAA
Dark Waters,,https://www.google.com/search?q=Dark+Waters&stick=H4sIAAAAAAAAAONgVuLVT9c3NMwwNqq0qCrOAQATsk_5EQAAAA
Iratta,,https://www.google.com/search?q=Iratta&stick=H4sIAAAAAAAAAONgVuLVT9c3NCwpqsqqzDY0AQC3j99tEQAAAA
Nosferatu,,https://www.google.com/search?q=Nosferatu&stick=H4sIAAAAAAAAAONgVuLVT9c3NMwyy0vKMkwpBwCkHAMXEQAAAA
Paprika,,https://www.google.com/search?q=Paprika&stick=H4sIAAAAAAAAAONgVuLUz9U3sMipiM8CAMqnIgENAAAA
The Day of the Jackal,,https://www.google.com/search?q=The+Day+of+the+Jackal&stick=H4sIAAAAAAAAAONgVuLVT9c3NCzLSClISTOwAAD5xt5FEQAAAA
Operation Finale,,https://www.google.com/search?q=Operation+Finale&stick=H4sIAAAAAAAAAONgVuLVT9c3NExPqkpKNiswBACj7o0KEQAAAA
Absolution,,https://www.google.com/search?q=Absolution&stick=H4sIAAAAAAAAAONgVuLVT9c3NCwxNC8oKyy0AAAcQ7cxEQAAAA
Dangerous Minds,,https://www.google.com/search?q=Dangerous+Minds&stick=H4sIAAAAAAAAAONgVuLUz9U3MDXJtqgCABu0YN4NAAAA
When Evil Lurks,,https://www.google.com/search?q=When+Evil+Lurks&stick=H4sIAAAAAAAAAONgVuLVT9c3NCwzKy4wzjI2AwCL1rK7EQAAAA
The Glory,,https://www.google.com/search?q=The+Glory&stick=H4sIAAAAAAAAAONgVuLVT9c3NCw2NUkyMYgvAQCMq6FnEQAAAA
Hillbilly Elegy,,https://www.google.com/search?q=Hillbilly+Elegy&stick=H4sIAAAAAAAAAONgVuLVT9c3NMwwLktPL6-IBwDw58R1EQAAAA
Drag Me to Hell,,https://www.google.com/search?q=Drag+Me+to+Hell&stick=H4sIAAAAAAAAAONgVuLSz9U3MKmqSi82BABd953iDgAAAA
Company,,https://www.google.com/search?q=Company&stick=H4sIAAAAAAAAAONgVuLUz9U3MC1MS0kDAFDBfXgNAAAA
All of You,,https://www.google.com/search?q=All+of+You&stick=H4sIAAAAAAAAAONgVuLVT9c3NCw3z7PMMaooBgDxtT7fEQAAAA
The Penguin,,https://www.google.com/search?q=The+Penguin&stick=H4sIAAAAAAAAAONgVuLVT9c3NCwxtEgyKCrPBQBujqMrEQAAAA
Special 26,,https://www.google.com/search?q=Special+26&stick=H4sIAAAAAAAAAONgVuLSz9U3yDIxKq5KBgAdiPIiDgAAAA
RV,,https://www.google.com/search?q=RV&stick=H4sIAAAAAAAAAONgVuLUz9U3SEoujk8DADzDAS4NAAAA
Apostle,,https://www.google.com/search?q=Apostle&stick=H4sIAAAAAAAAAONgVuLVT9c3NEw2N0yJjy_IAwCV0toTEQAAAA
Luck,,https://www.google.com/search?q=Luck&stick=H4sIAAAAAAAAAONgVuLVT9c3NMxKzjUzqohPAwDZnxkKEQAAAA
Unbreakable,,https://www.google.com/search?q=Unbreakable&stick=H4sIAAAAAAAAAONgVuLQz9U3MK8oygUAvgqzkAwAAAA
The Drop,,https://www.google.com/search?q=The+Drop&stick=H4sIAAAAAAAAAONgVuLSz9U3KMnOMi03BgBqSgYFDgAAAA
The Mustang,,https://www.google.com/search?q=The+Mustang&stick=H4sIAAAAAAAAAONgVuLVT9c3NEzLMjayLMxOAQBXLt6GEQAAAA
Hostiles,,https://www.google.com/search?q=Hostiles&stick=H4sIAAAAAAAAAONgVuLVT9c3NEw2sTQtMKowAgDS3EjZEQAAAA
Tomorrowland,,https://www.google.com/search?q=Tomorrowland&stick=H4sIAAAAAAAAAONgVuLSz9U3KEzLK0uvAgDDUCcVDgAAAA
Deadwood,,https://www.google.com/search?q=Deadwood&stick=H4sIAAAAAAAAAONgVuLUz9U3MLZMNjIDAO8t3CgNAAAA
Free Birds,,https://www.google.com/search?q=Free+Birds&stick=H4sIAAAAAAAAAONgVuLSz9U3yDAoKzA2BwBEnzfBDgAAAA
Crimson Tide,,https://www.google.com/search?q=Crimson+Tide&stick=H4sIAAAAAAAAAONgVuLUz9U3MClON0gCABUWbDcNAAAA
North Face,,https://www.google.com/search?q=North+Face&stick=H4sIAAAAAAAAAONgVuLSz9U3MDWszK6qAgB7OIEtDgAAAA
Longmire,,https://www.google.com/search?q=Longmire&stick=H4sIAAAAAAAAAONgVuLSz9U3yLLMtazMAwAwdJ1hDgAAAA
Twisted Metal,,https://www.google.com/search?q=Twisted+Metal&stick=H4sIAAAAAAAAAONgVuLVT9c3NCwxKCowsCiuBABdcYw6EQAAAA
Outback,,https://www.google.com/search?q=Outback&stick=H4sIAAAAAAAAAONgVuLVT9c3NEzLTUouSiqsAABxSYF3EQAAAA
Funny Games,,https://www.google.com/search?q=Funny+Games&stick=H4sIAAAAAAAAAONgVuLUz9U3SDKxMC8DAM1nh7QNAAAA
Unforgiven,,https://www.google.com/search?q=Unforgiven&stick=H4sIAAAAAAAAAONgVuLQz9U3iLc0KgcA2oRiEgwAAAA
Legends of the Fall,,https://www.google.com/search?q=Legends+of+the+Fall&stick=H4sIAAAAAAAAAONgVuLUz9U3MIqPNzYBABngldENAAAA
You're Next,,https://www.google.com/search?q=You%27re+Next&stick=H4sIAAAAAAAAAONgVuLSz9U3yDAzS7LIBgDTgehLDgAAAA
This Is Us,,https://www.google.com/search?q=This+Is+Us&stick=H4sIAAAAAAAAAONgVuLVT9c3NEzOs6iqMKyoAgACKefwEQAAAA
Forever,,https://www.google.com/search?q=Forever&stick=H4sIAAAAAAAAAONgVuLWz9U3MDTIKc8yMAQAyInvRA8AAAA
Good Behavior,,https://www.google.com/search?q=Good+Behavior&stick=H4sIAAAAAAAAAONgVuLVT9c3NEzOSio0zsk2BADErP12EQAAAA
The Hustle,,https://www.google.com/search?q=The+Hustle&stick=H4sIAAAAAAAAAONgVuLVT9c3NEwzys4qK6wqAwAknU0dEQAAAA
Bhavesh Joshi Superhero,,https://www.google.com/search?q=Bhavesh+Joshi+Superhero&stick=H4sIAAAAAAAAAONgVuLSz9U3qEopyc21BACq8M0_DgAAAA
Flu,,https://www.google.com/search?q=Flu&stick=H4sIAAAAAAAAAONgVuLSz9U3yLLMTjEoAQA5m0v8DgAAAA
Narc,,https://www.google.com/search?q=Narc&stick=H4sIAAAAAAAAAONgVuLUz9U3MDcvyK0AADnMpI8NAAAA
Don Jon,,https://www.google.com/search?q=Don+Jon&stick=H4sIAAAAAAAAAONgVuLSz9U3yE4xyDbNBgDIdbsQDgAAAA
Pride and Glory,,https://www.google.com/search?q=Pride+and+Glory&stick=H4sIAAAAAAAAAONgVuLUz9U3sMwtNCsEAJLLdbUNAAAA
Runway 34,,https://www.google.com/search?q=Runway+34&stick=H4sIAAAAAAAAAONgVuLVT9c3NMyzMC5MKTSsBACd4RfkEQAAAA
Margin Call,,https://www.google.com/search?q=Margin+Call&stick=H4sIAAAAAAAAAONgVuLSz9U3SE42z8jNBgAJejujDgAAAA
The Age of Adaline,,https://www.google.com/search?q=The+Age+of+Adaline&stick=H4sIAAAAAAAAAONgVuLSz9U3yKiMzyo0AQBTHxkDDgAAAA
The Killing of a Sacred Deer,,https://www.google.com/search?q=The+Killing+of+a+Sacred+Deer&stick=H4sIAAAAAAAAAONgVuLVT9c3NEw2zCvPKLYwAQCksidFEQAAAA
28 Days Later,,https://www.google.com/search?q=28+Days+Later&stick=H4sIAAAAAAAAAONgVuLUz9U3MDTKrqwAAG9S5wkNAAAA
A Hidden Life,,https://www.google.com/search?q=A+Hidden+Life&stick=H4sIAAAAAAAAAONgVuLVT9c3NEw2KEovia8oBADLQfMqEQAAAA
Io Capitano,,https://www.google.com/search?q=Io+Capitano&stick=H4sIAAAAAAAAAONgVuLVT9c3NCwxTCowLzI3AADoO-LkEQAAAA
The Fountain,,https://www.google.com/search?q=The+Fountain&stick=H4sIAAAAAAAAAONgVuLUz9U3ME-pMioGALBxevENAAAA
Shaitaan,,https://www.google.com/search?q=Shaitaan&stick=H4sIAAAAAAAAAONgVuLVT9c3NMxJjs-KN0lPBwAlxXOoEQAAAA
The First Omen,,https://www.google.com/search?q=The+First+Omen&stick=H4sIAAAAAAAAAONgVuLVT9c3NCwuLi_IyjM2AwDTKPzPEQAAAA
The Idea of You,,https://www.google.com/search?q=The+Idea+of+You&stick=H4sIAAAAAAAAAONgVuLVT9c3NCzJKjBNzorPAwBtBZBsEQAAAA
Sharper,,https://www.google.com/search?q=Sharper&stick=H4sIAAAAAAAAAONgVuLVT9c3NCwwNDUss0grBAD5Vm7oEQAAAA
Silenced,,https://www.google.com/search?q=Silenced&stick=H4sIAAAAAAAAAONgVuLSz9U3yDAuSEkvAACH_byODgAAAA
Paan Singh Tomar,,https://www.google.com/search?q=Paan+Singh+Tomar&stick=H4sIAAAAAAAAAONgVuLSz9U3MM2LL6moAgBMFtc3DgAAAA
Robin Hood,,https://www.google.com/search?q=Robin+Hood&stick=H4sIAAAAAAAAAONgVuLSz9U3MC20NCs0AwCcUZwWDgAAAA
Three Monkeys,,https://www.google.com/search?q=Three+Monkeys&stick=H4sIAAAAAAAAAONgVuLSz9U3MDEzzjBKAQCgyb1gDgAAAA
Ran,,https://www.google.com/search?q=Ran&stick=H4sIAAAAAAAAAONgVuLQz9U3yDbKNQMAUDSGXQwAAAA
The Regime,,https://www.google.com/search?q=The+Regime&stick=H4sIAAAAAAAAAONgVuLVT9c3NMxOqkwuiy-yAADWLf2NEQAAAA
Memoirs of a Murderer,,https://www.google.com/search?q=Memoirs+of+a+Murderer&stick=H4sIAAAAAAAAAONgVuLVT9c3NEw3K0ouSMlOBgA3ceMNEQAAAA
Traffic,,https://www.google.com/search?q=Traffic&stick=H4sIAAAAAAAAAONgVuLQz9U3sEwusgAAZ5QeewwAAAA
No Mercy,,https://www.google.com/search?q=No+Mercy&stick=H4sIAAAAAAAAAONgVuLSz9U3SM8uyjO2BABh58ABDgAAAA
Jack the Giant Slayer,,https://www.google.com/search?q=Jack+the+Giant+Slayer&stick=H4sIAAAAAAAAAONgVuLSz9U3SM8pLDdIBgBJ5zESDgAAAA
Blizzard of Souls,,https://www.google.com/search?q=Blizzard+of+Souls&stick=H4sIAAAAAAAAAONgVuLVT9c3NEyvTDYyrkpLAQCl0YrGEQAAAA
Hereafter,,https://www.google.com/search?q=Hereafter&stick=H4sIAAAAAAAAAONgVuLSz9U3sExPyTDLBgCL01l7DgAAAA
Lady Vengeance,,https://www.google.com/search?q=Lady+Vengeance&stick=H4sIAAAAAAAAAONgVuLUz9U3MC0xyTAEAOdAIXkNAAAA
American Gangster,,https://www.google.com/search?q=American+Gangster&stick=H4sIAAAAAAAAAONgVuLUz9U3SK6Kr8wFALEXK1sNAAAA
Dragon Ball Z: Wrath of the Dragon,,https://www.google.com/search?q=Dragon+Ball+Z:+Wrath+of+the+Dragon&stick=H4sIAAAAAAAAAONgVuLUz9U3MLMozE4CABTBXUANAAAA
Bone Tomahawk,,https://www.google.com/search?q=Bone+Tomahawk&stick=H4sIAAAAAAAAAONgVuLSz9U3KLM0TMlJAwAP1VjJDgAAAA
Swallow,,https://www.google.com/search?q=Swallow&stick=H4sIAAAAAAAAAONgVuLVT9c3NEw3SE_JTS9IAwA7BWH2EQAAAA
Road to Perdition,,https://www.google.com/search?q=Road+to+Perdition&stick=H4sIAAAAAAAAAONgVuLUz9U3MKy0LDICAMgGN18NAAAA
You've Got Mail,,https://www.google.com/search?q=You%27ve+Got+Mail&stick=H4sIAAAAAAAAAONgVuLUz9U3MDSpKk8CAAAQiVINAAAA
The Words,,https://www.google.com/search?q=The+Words&stick=H4sIAAAAAAAAAONgVuLSz9U3yDA2zzM1BAAFVr4MDgAAAA
The Blind Side,,https://www.google.com/search?q=The+Blind+Side&stick=H4sIAAAAAAAAAONgVuLSz9U3MK2qNC5OBgCiPaTVDgAAAA
Backcountry,,https://www.google.com/search?q=Backcountry&stick=H4sIAAAAAAAAAONgVuLWz9U3MDQssTTOLQAAAO5LyQ8AAAA
Rumble Through the Dark,,https://www.google.com/search?q=Rumble+Through+the+Dark&stick=H4sIAAAAAAAAAONgVuLVT9c3NCy0KK8oMTfIBQDAq5r_EQAAAA
Miranda's Victim,,https://www.google.com/search?q=Miranda%27s+Victim&stick=H4sIAAAAAAAAAONgVuLVT9c3NCwxKKqoNCtJAwATmzckEQAAAA
The Homesman,,https://www.google.com/search?q=The+Homesman&stick=H4sIAAAAAAAAAONgVuLSz9U3KMmJLysqAAAfSa2QDgAAAA
An Officer and a Spy,,https://www.google.com/search?q=An+Officer+and+a+Spy&stick=H4sIAAAAAAAAAONgVuLVT9c3NEwvNjWNNynIAgCwydn6EQAAAA
The Fugitive,,https://www.google.com/search?q=The+Fugitive&stick=H4sIAAAAAAAAAONgVuLUz9U3MK3Kq6gAANd3F70NAAAA
The Rock,,https://www.google.com/search?q=The+Rock&stick=H4sIAAAAAAAAAONgVuLQz9U3ME-qMAMA7kxUhwwAAAA
Night of the Hunted,,https://www.google.com/search?q=Night+of+the+Hunted&stick=H4sIAAAAAAAAAONgVuLVT9c3NMwuSI5PMzHJAQB72p5lEQAAAA
A Bittersweet Life,,https://www.google.com/search?q=A+Bittersweet+Life&stick=H4sIAAAAAAAAAONgVuLUz9U3ME8yyykCAIQarv4NAAAA
Jailbreak Pact,,https://www.google.com/search?q=Jailbreak+Pact&stick=H4sIAAAAAAAAAONgVuLVT9c3NMwyz7IsNjAvAQDThmpBEQAAAA
Sweet November,,https://www.google.com/search?q=Sweet+November&stick=H4sIAAAAAAAAAONgVuLUz9U3MM7NNTYEAPI8UuENAAAA
The Chronicles of Evil,,https://www.google.com/search?q=The+Chronicles+of+Evil&stick=H4sIAAAAAAAAAONgVuLVT9c3NEwyK0pPiTeIBwAy6-YxEQAAAA
Target,,https://www.google.com/search?q=Target&stick=H4sIAAAAAAAAAONgVuLVT9c3NMwuSI7Pyyg0AADfg18qEQAAAA
Gen V,,https://www.google.com/search?q=Gen+V&stick=H4sIAAAAAAAAAONgVuLVT9c3NCwxNC9JKylKAwCYXxs1EQAAAA
Te3n,,https://www.google.com/search?q=Te3n&stick=H4sIAAAAAAAAAONgVuLVT9c3NEyqMMouTrYoBwBbU6nyEQAAAA
The Mule,,https://www.google.com/search?q=The+Mule&stick=H4sIAAAAAAAAAONgVuLVT9c3NEwzM7U0T67IBQCDhmwkEQAAAA
The Sum of All Fears,,https://www.google.com/search?q=The+Sum+of+All+Fears&stick=H4sIAAAAAAAAAONgVuLUz9U3SE6zKEwCAKq1GlQNAAAA
The Boogeyman,,https://www.google.com/search?q=The+Boogeyman&stick=H4sIAAAAAAAAAONgVuLVT9c3NCyoyo0vsMiqBAAurLjvEQAAAA
Deja Vu,,https://www.google.com/search?q=Deja+Vu&stick=H4sIAAAAAAAAAONgVuLUz9U3sDQoN84FAFXI6eENAAAA
One Day,,https://www.google.com/search?q=One+Day&stick=H4sIAAAAAAAAAONgVuLSz9U3SDcpyK2KBwCI-aaWDgAAAA
The Boy,,https://www.google.com/search?q=The+Boy&stick=H4sIAAAAAAAAAONgVuLWz9U3MDSqqrI0MwQAU6VNLA8AAAA
Julia's Eyes,,https://www.google.com/search?q=Julia%27s+Eyes&stick=H4sIAAAAAAAAAONgVuLSz9U3SKo0SE82AwDMWeVfDgAAAA
Eight Below,,https://www.google.com/search?q=Eight+Below&stick=H4sIAAAAAAAAAONgVuLUz9U3MK8sMDAEABo5evQNAAAA
Riot Police,,https://www.google.com/search?q=Riot+Police&stick=H4sIAAAAAAAAAONgVuLVT9c3NMzITilPMTUqBgAeSeUSEQAAAA
Bloody Daddy,,https://www.google.com/search?q=Bloody+Daddy&stick=H4sIAAAAAAAAAONgVuLVT9c3NCwxTCowKrcsBwCM8MyjEQAAAA
Hidden,,https://www.google.com/search?q=Hidden&stick=H4sIAAAAAAAAAONgVuLSz9U3KDc0z0gpAgCmtQbMDgAAAA
The Iceman,,https://www.google.com/search?q=The+Iceman&stick=H4sIAAAAAAAAAONgVuLSz9U3SLeMNzPJBQALcKNQDgAAAA
Prehistoric Planet,,https://www.google.com/search?q=Prehistoric+Planet&stick=H4sIAAAAAAAAAONgVuLVT9c3NCyuMDIyLCwuAwCkjo49EQAAAA
Silo,,https://www.google.com/search?q=Silo&stick=H4sIAAAAAAAAAONgVuLVT9c3NCyqKCiuMLUoAgDYNEhTEQAAAA
Where Hope Grows,,https://www.google.com/search?q=Where+Hope+Grows&stick=H4sIAAAAAAAAAONgVuLWz9U3MDQ2KckpyQUA7jvoKg8AAAA
The Tank,,https://www.google.com/search?q=The+Tank&stick=H4sIAAAAAAAAAONgVuLVT9c3NCyuNMwxLsjNAQAN4qYYEQAAAA
Poker Face,,https://www.google.com/search?q=Poker+Face&stick=H4sIAAAAAAAAAONgVuLVT9c3NCwqN0_JTStLAgDccO0fEQAAAA
SK1,,https://www.google.com/search?q=SK1&stick=H4sIAAAAAAAAAONgVuLVT9c3NEwyyygvzjOyBAAjG8uNEQAAAA
The Girl Who Escaped: The Kara Robinson Story,,https://www.google.com/search?q=The+Girl+Who+Escaped:+The+Kara+Robinson+Story&stick=H4sIAAAAAAAAAONgVuLVT9c3NCwpMM0pKay0BABMlMQuEQAAAA
1923,,https://www.google.com/search?q=1923&stick=H4sIAAAAAAAAAONgVuLVT9c3NCw2TyvMMipOBwCEeOEDEQAAAA
Yellowstone,,https://www.google.com/search?q=Yellowstone&stick=H4sIAAAAAAAAAONgVuLVT9c3NEy3sEgzL6soBwBlLqtZEQAAAA
Steel Rain 2: Summit,,https://www.google.com/search?q=Steel+Rain+2:+Summit&stick=H4sIAAAAAAAAAONgVuLVT9c3NMxKSstNzqooBgAj02FSEQAAAA
Mayor of Kingstown,,https://www.google.com/search?q=Mayor+of+Kingstown&stick=H4sIAAAAAAAAAONgVuLVT9c3NCyqMKqyNKsqBADyAGBmEQAAAA
Five Days at Memorial,,https://www.google.com/search?q=Five+Days+at+Memorial&stick=H4sIAAAAAAAAAONgVuLVT9c3NCxKT6oqMMopBACe7vUGEQAAAA
The Forgiven,,https://www.google.com/search?q=The+Forgiven&stick=H4sIAAAAAAAAAONgVuLVT9c3NEwrzikxTTG0BAA1pkZbEQAAAA
Tokyo Vice,,https://www.google.com/search?q=Tokyo+Vice&stick=H4sIAAAAAAAAAONgVuLVT9c3NEwrKrFIKjYoBAAy4hihEQAAAA
The Offer,,https://www.google.com/search?q=The+Offer&stick=H4sIAAAAAAAAAONgVuLVT9c3NCy0NCkqKMstAwBCWtvhEQAAAA
Miss Fisher's Murder Mysteries,,https://www.google.com/search?q=Miss+Fisher%27s+Murder+Mysteries&stick=H4sIAAAAAAAAAONgVuLSz9U3SCvMK7I0BwBZzGjyDgAAAA
